{"cameraMode":{"drawMode":0,"name":"Shaded","section":"Shading Mode"},"sceneLighting":false,"audioPlay":false,"sceneViewState":{"m_AlwaysRefresh":false,"showFog":true,"showSkybox":false,"showFlares":true,"showImageEffects":true,"showParticleSystems":true,"showVisualEffectGraphs":true,"m_FxEnabled":true},"in2DMode":false,"pivot":{"x":-3.11899995803833,"y":-4.390999794006348,"z":-12.532011032104493},"rotation":{"x":-0.0497886948287487,"y":-0.003897777060046792,"z":0.00019441689073573798,"w":-0.998753011226654},"size":0.8572157621383667,"orthographic":false}